ID,State,Variable,2013,2012,%  Change from 2012,Percentage of Total Homeless Populaiton (2013),"Rate per 10,000"
Guam - Chronic individuals,Guam,Chronic individuals,51,22,131.82%,4.0%,3.20
New York - Chronic individuals,New York,Chronic individuals,"4,045","4,324",-6.45%,5.2%,2.06
Maine - Chronic individuals,Maine,Chronic individuals,159,222,-28.38%,5.3%,1.20
North Dakota - Chronic individuals,North Dakota,Chronic individuals,110,81,35.80%,5.3%,1.52
Delaware - Chronic individuals,Delaware,Chronic individuals,65,84,-22.62%,6.9%,0.70
South Carolina - Chronic individuals,South Carolina,Chronic individuals,453,388,16.75%,6.9%,0.95
Wisconsin - Chronic individuals,Wisconsin,Chronic individuals,449,377,19.10%,7.4%,0.78
Kentucky - Chronic individuals,Kentucky,Chronic individuals,394,497,-20.72%,7.5%,0.90
Missouri - Chronic individuals,Missouri,Chronic individuals,695,906,-23.29%,8.1%,1.15
Massachusetts - Chronic individuals,Massachusetts,Chronic individuals,"1,577","1,500",5.13%,8.3%,2.36
New Jersey - Chronic individuals,New Jersey,Chronic individuals,"1,002",881,13.73%,8.3%,1.13
Indiana - Chronic individuals,Indiana,Chronic individuals,511,461,10.85%,8.4%,0.78
Michigan - Chronic individuals,Michigan,Chronic individuals,969,"1,174",-28.38%,8.4%,0.98
Alaska - Chronic individuals,Alaska,Chronic individuals,166,273,-39.19%,8.5%,2.26
Iowa - Chronic individuals,Iowa,Chronic individuals,277,270,2.59%,9.0%,0.90
Arizona - Chronic individuals,Arizona,Chronic individuals,"1,064","1,605",-33.71%,10.1%,1.61
Pennsylvania - Chronic individuals,Pennsylvania,Chronic individuals,"1,536","1,564",-1.79%,10.2%,1.20
Illinois - Chronic individuals,Illinois,Chronic individuals,"1,403","2,079",-32.52%,10.5%,1.09
Nevada - Chronic individuals,Nevada,Chronic individuals,884,"1,996",-55.71%,10.5%,3.17
Utah - Chronic individuals,Utah,Chronic individuals,347,331,4.83%,10.6%,1.20
South Dakota - Chronic individuals,South Dakota,Chronic individuals,117,113,3.54%,10.7%,1.38
Nebraska - Chronic individuals,Nebraska,Chronic individuals,339,396,-14.39%,10.8%,1.81
Idaho - Chronic individuals,Idaho,Chronic individuals,193,200,-3.50%,10.8%,1.20
Washington - Chronic individuals,Washington,Chronic individuals,"1,927","2,041",-5.59%,10.9%,2.76
Minnesota - Chronic individuals,Minnesota,Chronic individuals,915,"1,004",-8.86%,11.1%,1.69
Montana - Chronic individuals,Montana,Chronic individuals,210,304,-30.92%,11.2%,2.07
Kansas - Chronic individuals,Kansas,Chronic individuals,304,307,-0.98%,11.3%,1.05
North Carolina - Chronic individuals,North Carolina,Chronic individuals,"1,451","1,465",-0.96%,11.9%,1.47
Vermont - Chronic individuals,Vermont,Chronic individuals,183,190,-3.68%,12.6%,2.92
Ohio - Chronic individuals,Ohio,Chronic individuals,"1,677","1,788",-6.21%,13.6%,1.45
Colorado - Chronic individuals,Colorado,Chronic individuals,"1,354","1,612",-16.00%,13.9%,2.57
Oklahoma - Chronic individuals,Oklahoma,Chronic individuals,617,481,28.27%,14.0%,1.60
New Mexico - Chronic individuals,New Mexico,Chronic individuals,399,973,-58.99%,14.2%,1.91
Arkansas - Chronic individuals,Arkansas,Chronic individuals,565,361,56.51%,14.8%,1.91
Maryland - Chronic individuals,Maryland,Chronic individuals,"1,249","1,259",-0.79%,15.2%,2.11
New Hampshire - Chronic individuals,New Hampshire,Chronic individuals,226,237,-4.64%,15.6%,1.71
Georgia - Chronic individuals,Georgia,Chronic individuals,"2,713","3,016",-10.05%,16.0%,2.72
Texas - Chronic individuals,Texas,Chronic individuals,"4,770","6,115",-22.00%,16.1%,1.80
Florida - Chronic individuals,Florida,Chronic individuals,"7,778","8,682",-10.41%,16.3%,3.98
Hawaii - Chronic individuals,Hawaii,Chronic individuals,"1,031",910,13.30%,16.3%,7.34
Alabama - Chronic individuals,Alabama,Chronic individuals,768,910,-15.60%,16.4%,1.59
Virginia - Chronic individuals,Virginia,Chronic individuals,"1,262","1,531",-17.57%,16.6%,1.53
Mississippi - Chronic individuals,Mississippi,Chronic individuals,408,450,-9.33%,17.0%,1.36
West Virginia - Chronic individuals,West Virginia,Chronic individuals,390,346,12.72%,17.4%,2.10
Rhode Island - Chronic individuals,Rhode Island,Chronic individuals,243,148,64.19%,17.6%,2.31
Oregon - Chronic individuals,Oregon,Chronic individuals,"2,444","2,782",-12.15%,17.7%,6.22
US Virgin Islands - Chronic individuals,US Virgin Islands,Chronic individuals,87,193,-54.92%,18.0%,8.18
Louisiana - Chronic individuals,Louisiana,Chronic individuals,"1,015","2,743",-63%,19.4%,2.19
Connecticut - Chronic individuals,Connecticut,Chronic individuals,872,924,-5.63%,19.6%,2.42
Tennessee - Chronic individuals,Tennessee,Chronic individuals,"1,929","2,114",-8.75%,20.2%,2.97
Wyoming - Chronic individuals,Wyoming,Chronic individuals,221,375,-41.07%,23.2%,3.79
District of Columbia - Chronic individuals,District of Columbia,Chronic individuals,"1,764","1,870",-5.67%,25.7%,27.29
California - Chronic individuals,California,Chronic individuals,"35,386","33,422",5.88%,25.9%,9.23
Puerto Rico - Chronic individuals,Puerto Rico,Chronic individuals,"1,629","1,597",2.00%,39.5%,4.51
US Virgin Islands - Chronic Families,US Virgin Islands,Chronic Persons in Families,0,,,0.0%,
Nevada - Chronic Families,Nevada,Chronic Persons in Families,6,,,0.1%,
South Carolina - Chronic Families,South Carolina,Chronic Persons in Families,30,,,0.5%,
Maine - Chronic Families,Maine,Chronic Persons in Families,17,,,0.6%,
Rhode Island - Chronic Families,Rhode Island,Chronic Persons in Families,8,,,0.6%,
Ohio - Chronic Families,Ohio,Chronic Persons in Families,76,,,0.6%,
Delaware - Chronic Families,Delaware,Chronic Persons in Families,6,,,0.6%,
Montana - Chronic Families,Montana,Chronic Persons in Families,17,,,0.9%,
Alaska - Chronic Families,Alaska,Chronic Persons in Families,18,,,0.9%,
Pennsylvania - Chronic Families,Pennsylvania,Chronic Persons in Families,145,,,1.0%,
Arkansas - Chronic Families,Arkansas,Chronic Persons in Families,37,,,1.0%,
Indiana - Chronic Families,Indiana,Chronic Persons in Families,69,,,1.1%,
Arizona - Chronic Families,Arizona,Chronic Persons in Families,124,,,1.2%,
Wisconsin - Chronic Families,Wisconsin,Chronic Persons in Families,72,,,1.2%,
Michigan - Chronic Families,Michigan,Chronic Persons in Families,137,,,1.2%,
Virginia - Chronic Families,Virginia,Chronic Persons in Families,94,,,1.2%,
Illinois - Chronic Families,Illinois,Chronic Persons in Families,171,,,1.3%,
Washington - Chronic Families,Washington,Chronic Persons in Families,269,,,1.5%,
Iowa - Chronic Families,Iowa,Chronic Persons in Families,50,,,1.6%,
West Virginia - Chronic Families,West Virginia,Chronic Persons in Families,42,,,1.9%,
Louisiana - Chronic Families,Louisiana,Chronic Persons in Families,100,,,1.9%,
Alabama - Chronic Families,Alabama,Chronic Persons in Families,90,,,1.9%,
Kansas - Chronic Families,Kansas,Chronic Persons in Families,52,,,1.9%,
New Jersey - Chronic Families,New Jersey,Chronic Persons in Families,235,,,2.0%,
New Hampshire - Chronic Families,New Hampshire,Chronic Persons in Families,29,,,2.0%,
Georgia - Chronic Families,Georgia,Chronic Persons in Families,369,,,2.2%,
Oklahoma - Chronic Families,Oklahoma,Chronic Persons in Families,102,,,2.3%,
Vermont - Chronic Families,Vermont,Chronic Persons in Families,34,,,2.3%,
Hawaii - Chronic Families,Hawaii,Chronic Persons in Families,149,,,2.4%,
Nebraska - Chronic Families,Nebraska,Chronic Persons in Families,75,,,2.4%,
Wyoming - Chronic Families,Wyoming,Chronic Persons in Families,23,,,2.4%,
Texas - Chronic Families,Texas,Chronic Persons in Families,765,,,2.6%,
Mississippi - Chronic Families,Mississippi,Chronic Persons in Families,67,,,2.8%,
Kentucky - Chronic Families,Kentucky,Chronic Persons in Families,147,,,2.8%,
Maryland - Chronic Families,Maryland,Chronic Persons in Families,231,,,2.8%,
California - Chronic Families,California,Chronic Persons in Families,"3,864",,,2.8%,
Massachusetts - Chronic Families,Massachusetts,Chronic Persons in Families,538,,,2.8%,
New York - Chronic Families,New York,Chronic Persons in Families,"2,272",,,2.9%,
Tennessee - Chronic Families,Tennessee,Chronic Persons in Families,290,,,3.0%,
North Carolina - Chronic Families,North Carolina,Chronic Persons in Families,391,,,3.2%,
Utah - Chronic Families,Utah,Chronic Persons in Families,107,,,3.3%,
North Dakota - Chronic Families,North Dakota,Chronic Persons in Families,69,,,3.3%,
District of Columbia - Chronic Families,District of Columbia,Chronic Persons in Families,263,,,3.8%,
Florida - Chronic Families,Florida,Chronic Persons in Families,"1,869",,,3.9%,
Connecticut - Chronic Families,Connecticut,Chronic Persons in Families,174,,,3.9%,
Missouri - Chronic Families,Missouri,Chronic Persons in Families,342,,,4.0%,
Oregon - Chronic Families,Oregon,Chronic Persons in Families,599,,,4.3%,
Colorado - Chronic Families,Colorado,Chronic Persons in Families,426,,,4.4%,
Idaho - Chronic Families,Idaho,Chronic Persons in Families,78,,,4.4%,
New Mexico - Chronic Families,New Mexico,Chronic Persons in Families,126,,,4.5%,
Minnesota - Chronic Families,Minnesota,Chronic Persons in Families,435,,,5.3%,
South Dakota - Chronic Families,South Dakota,Chronic Persons in Families,100,,,9.1%,
Puerto Rico - Chronic Families,Puerto Rico,Chronic Persons in Families,501,,,12.1%,
Guam - Chronic Families,Guam,Chronic Persons in Families,239,,,18.8%,
Alabama - Family Households,Alabama,Family Households,495,497,-0.40%,,
Alaska - Family Households,Alaska,Family Households,196,216,-9.26%,,
Arizona - Family Households,Arizona,Family Households,"1,291","1,465",-11.88%,,
Arkansas - Family Households,Arkansas,Family Households,218,266,-18.05%,,
California - Family Households,California,Family Households,"8,267","8,076",2.37%,,
Colorado - Family Households,Colorado,Family Households,"1,444","3,104",-53.48%,,
Connecticut - Family Households,Connecticut,Family Households,475,449,5.79%,,
Delaware - Family Households,Delaware,Family Households,119,128,-7.03%,,
District of Columbia - Family Households,District of Columbia,Family Households,983,"1,014",-3.06%,,
Florida - Family Households,Florida,Family Households,"5,806","6,333",-8.32%,,
Georgia - Family Households,Georgia,Family Households,"1,257","1,779",-29.34%,,
Guam - Family Households,Guam,Family Households,167,165,1.21%,,
Hawaii - Family Households,Hawaii,Family Households,736,792,-7.07%,,
Idaho - Family Households,Idaho,Family Households,211,246,-14.23%,,
Illinois - Family Households,Illinois,Family Households,"1,730","1,905",-9.19%,,
Indiana - Family Households,Indiana,Family Households,739,955,-22.62%,,
Iowa - Family Households,Iowa,Family Households,495,466,6.22%,,
Kansas - Family Households,Kansas,Family Households,387,346,11.85%,,
Kentucky - Family Households,Kentucky,Family Households,672,667,0.75%,,
Louisiana - Family Households,Louisiana,Family Households,415,474,-12.45%,,
Maine - Family Households,Maine,Family Households,494,376,31.38%,,
Maryland - Family Households,Maryland,Family Households,997,"1,300",-23.31%,,
Massachusetts - Family Households,Massachusetts,Family Households,"4,327","3,887",11.32%,,
Michigan - Family Households,Michigan,Family Households,"1,412","1,703",-17.09%,,
Minnesota - Family Households,Minnesota,Family Households,"1,338","1,311",2.06%,,
Mississippi - Family Households,Mississippi,Family Households,192,221,-13.12%,,
Missouri - Family Households,Missouri,Family Households,"1,259","1,745",-27.85%,,
Montana - Family Households,Montana,Family Households,207,192,7.81%,,
Nebraska - Family Households,Nebraska,Family Households,397,514,-22.76%,,
Nevada - Family Households,Nevada,Family Households,319,343,-7.00%,,
New Hampshire - Family Households,New Hampshire,Family Households,229,240,-4.58%,,
New Jersey - Family Households,New Jersey,Family Households,"1,994","2,247",-11.26%,,
New Mexico - Family Households,New Mexico,Family Households,323,348,-7.18%,,
New York - Family Households,New York,Family Households,"13,675","12,170",12.37%,,
North Carolina - Family Households,North Carolina,Family Households,"1,520","1,633",-6.92%,,
North Dakota - Family Households,North Dakota,Family Households,244,70,248.57%,,
Ohio - Family Households,Ohio,Family Households,"1,501","1,943",-22.75%,,
Oklahoma - Family Households,Oklahoma,Family Households,426,519,-17.92%,,
Oregon - Family Households,Oregon,Family Households,"1,524","2,110",-27.77%,,
Pennsylvania - Family Households,Pennsylvania,Family Households,"2,409","2,476",-2.71%,,
Puerto Rico - Family Households,Puerto Rico,Family Households,185,297,-37.71%,,
Rhode Island - Family Households,Rhode Island,Family Households,177,182,-2.75%,,
South Carolina - Family Households,South Carolina,Family Households,640,551,16.15%,,
South Dakota - Family Households,South Dakota,Family Households,154,119,29.41%,,
Tennessee - Family Households,Tennessee,Family Households,880,833,5.64%,,
Texas - Family Households,Texas,Family Households,"2,826","4,511",-37.35%,,
US Virgin Islands - Family Households,US Virgin Islands,Family Households,11,16,-31.25%,,
Utah - Family Households,Utah,Family Households,406,445,-8.76%,,
Vermont - Family Households,Vermont,Family Households,262,172,52.33%,,
Virginia - Family Households,Virginia,Family Households,984,"1,094",-10.05%,,
Washington - Family Households,Washington,Family Households,"2,217","2,871",-22.78%,,
West Virginia - Family Households,West Virginia,Family Households,228,243,-6.17%,,
Wisconsin - Family Households,Wisconsin,Family Households,"1,016",961,5.72%,,
Wyoming - Family Households,Wyoming,Family Households,84,171,-50.88%,,
Alabama - Homeless persons,Alabama,Homeless persons,"4,689","5,209",-9.98%,,9.70
Alaska - Homeless persons,Alaska,Homeless persons,"1,946","1,913",1.73%,,26.47
Arizona - Homeless persons,Arizona,Homeless persons,"10,562","11,302",-6.55%,,15.94
Arkansas - Homeless persons,Arkansas,Homeless persons,"3,812","4,214",-9.54%,,12.88
California - Homeless persons,California,Homeless persons,"136,826","130,898",4.53%,,35.69
Colorado - Homeless persons,Colorado,Homeless persons,"9,754","16,768",-41.83%,,18.51
Connecticut - Homeless persons,Connecticut,Homeless persons,"4,448","4,209",5.68%,,12.37
Delaware - Homeless persons,Delaware,Homeless persons,946,"1,008",-6.15%,,10.22
District of Columbia - Homeless persons,District of Columbia,Homeless persons,"6,865","6,954",-1.28%,,106.20
Florida - Homeless persons,Florida,Homeless persons,"47,862","55,170",-13.25%,,24.48
Georgia - Homeless persons,Georgia,Homeless persons,"16,971","20,516",-17.28%,,16.98
Guam - Homeless persons,Guam,Homeless persons,"1,271","1,301",-2.31%,,79.76
Hawaii - Homeless persons,Hawaii,Homeless persons,"6,335","6,246",1.42%,,45.12
Idaho - Homeless persons,Idaho,Homeless persons,"1,781","1,968",-9.50%,,11.05
Illinois - Homeless persons,Illinois,Homeless persons,"13,425","14,144",-5.08%,,10.42
Indiana - Homeless persons,Indiana,Homeless persons,"6,096","6,259",-2.60%,,9.28
Iowa - Homeless persons,Iowa,Homeless persons,"3,084","2,928",5.33%,,9.98
Kansas - Homeless persons,Kansas,Homeless persons,"2,693","2,684",0.34%,,9.31
Kentucky - Homeless persons,Kentucky,Homeless persons,"5,245","5,230",0.29%,,11.93
Louisiana - Homeless persons,Louisiana,Homeless persons,"5,226","7,772",-32.76%,,11.30
Maine - Homeless persons,Maine,Homeless persons,"3,016","2,393",26.03%,,22.71
Maryland - Homeless persons,Maryland,Homeless persons,"8,205","9,454",-13.21%,,13.84
Massachusetts - Homeless persons,Massachusetts,Homeless persons,"19,029","17,501",8.73%,,28.43
Michigan - Homeless persons,Michigan,Homeless persons,"11,527","12,592",-8.46%,,11.65
Minnesota - Homeless persons,Minnesota,Homeless persons,"8,214","7,744",6.07%,,15.15
Mississippi - Homeless persons,Mississippi,Homeless persons,"2,403","2,413",-0.41%,,8.03
Missouri - Homeless persons,Missouri,Homeless persons,"8,581","10,237",-16.18%,,14.20
Montana - Homeless persons,Montana,Homeless persons,"1,878","1,833",2.45%,,18.50
Nebraska - Homeless persons,Nebraska,Homeless persons,"3,145","3,789",-17.00%,,16.83
Nevada - Homeless persons,Nevada,Homeless persons,"8,443","9,926",-14.94%,,30.26
New Hampshire - Homeless persons,New Hampshire,Homeless persons,"1,447","1,496",-3.28%,,10.93
New Jersey - Homeless persons,New Jersey,Homeless persons,"12,002","13,025",-7.85%,,13.49
New Mexico - Homeless persons,New Mexico,Homeless persons,"2,819","3,245",-13.13%,,13.52
New York - Homeless persons,New York,Homeless persons,"77,430","69,566",11.30%,,39.40
North Carolina - Homeless persons,North Carolina,Homeless persons,"12,168","13,524",-10.03%,,12.36
North Dakota - Homeless persons,North Dakota,Homeless persons,"2,069",688,200.73%,,28.60
Ohio - Homeless persons,Ohio,Homeless persons,"12,325","13,977",-11.82%,,10.65
Oklahoma - Homeless persons,Oklahoma,Homeless persons,"4,408","5,032",-12.40%,,11.45
Oregon - Homeless persons,Oregon,Homeless persons,"13,822","15,828",-12.67%,,35.17
Pennsylvania - Homeless persons,Pennsylvania,Homeless persons,"15,086","14,736",2.38%,,11.81
Puerto Rico - Homeless persons,Puerto Rico,Homeless persons,"4,128","3,212",28.52%,,11.42
Rhode Island - Homeless persons,Rhode Island,Homeless persons,"1,384","1,277",8.38%,,13.16
South Carolina - Homeless persons,South Carolina,Homeless persons,"6,544","4,915",33.14%,,13.71
South Dakota - Homeless persons,South Dakota,Homeless persons,"1,094",859,27.36%,,12.95
Tennessee - Homeless persons,Tennessee,Homeless persons,"9,528","9,426",1.08%,,14.67
Texas - Homeless persons,Texas,Homeless persons,"29,615","34,052",-13.03%,,11.20
US Virgin Islands - Homeless persons,US Virgin Islands,Homeless persons,482,484,-0.41%,,45.30
Utah - Homeless persons,Utah,Homeless persons,"3,277","3,527",-7.09%,,11.30
Vermont - Homeless persons,Vermont,Homeless persons,"1,454","1,160",25.34%,,23.20
Virginia - Homeless persons,Virginia,Homeless persons,"7,625","8,424",-9.48%,,9.23
Washington - Homeless persons,Washington,Homeless persons,"17,760","20,504",-13.38%,,25.48
West Virginia - Homeless persons,West Virginia,Homeless persons,"2,240","2,410",-7.05%,,12.08
Wisconsin - Homeless persons,Wisconsin,Homeless persons,"6,104","6,027",1.28%,,10.63
Wyoming - Homeless persons,Wyoming,Homeless persons,953,"1,813",-47.44%,,16.36
US Virgin Islands - Persons in families,US Virgin Islands,Persons in families,38,46,-17.39%,7.9%,3.57
Nevada - Persons in families,Nevada,Persons in families,846,"1,010",-16.24%,10.0%,3.03
Puerto Rico - Persons in families,Puerto Rico,Persons in families,658,718,-8.36%,15.9%,1.82
Arkansas - Persons in families,Arkansas,Persons in families,638,786,-18.83%,16.7%,2.16
California - Persons in families,California,Persons in families,"25,094","25,210",-0.46%,18.3%,6.55
Georgia - Persons in families,Georgia,Persons in families,"4,091","5,153",-20.61%,24.1%,4.09
Louisiana - Persons in families,Louisiana,Persons in families,"1,318","1,450",-9.10%,25.2%,2.85
Mississippi - Persons in families,Mississippi,Persons in families,650,619,5.01%,27.0%,2.17
Tennessee - Persons in families,Tennessee,Persons in families,"2,619","2,521",3.89%,27.5%,4.03
South Carolina - Persons in families,South Carolina,Persons in families,"1,808","1,588",13.85%,27.6%,3.79
Alabama - Persons in families,Alabama,Persons in families,"1,302","1,384",-5.92%,27.8%,2.69
Oklahoma - Persons in families,Oklahoma,Persons in families,"1,229","1,578",-22.12%,27.9%,3.19
Wyoming - Persons in families,Wyoming,Persons in families,276,511,-45.99%,29.0%,4.74
Texas - Persons in families,Texas,Persons in families,"8,857","13,309",-33.45%,29.9%,3.35
Alaska - Persons in families,Alaska,Persons in families,584,615,-5.04%,30.0%,7.94
Connecticut - Persons in families,Connecticut,Persons in families,"1,347","1,303",3.38%,30.3%,3.75
West Virginia - Persons in families,West Virginia,Persons in families,696,668,4.19%,31.1%,3.75
Florida - Persons in families,Florida,Persons in families,"16,503","18,399",-10.30%,34.5%,8.44
Oregon - Persons in families,Oregon,Persons in families,"4,828","6,040",-20.07%,34.9%,12.28
Montana - Persons in families,Montana,Persons in families,667,667,0.00%,35.5%,6.57
Maryland - Persons in families,Maryland,Persons in families,"2,984","3,727",-19.94%,36.4%,5.03
New Mexico - Persons in families,New Mexico,Persons in families,"1,033","1,109",-6.85%,36.6%,4.95
Kentucky - Persons in families,Kentucky,Persons in families,"1,943","1,948",-0.26%,37.0%,4.42
Michigan - Persons in families,Michigan,Persons in families,"4,291","5,195",-17.40%,37.2%,4.34
Rhode Island - Persons in families,Rhode Island,Persons in families,522,489,6.75%,37.7%,4.96
North Carolina - Persons in families,North Carolina,Persons in families,"4,638","5,044",-8.05%,38.1%,4.71
Ohio - Persons in families,Ohio,Persons in families,"4,714","6,122",-23.00%,38.2%,4.07
Arizona - Persons in families,Arizona,Persons in families,"4,052","4,992",-18.83%,38.4%,6.11
Indiana - Persons in families,Indiana,Persons in families,"2,345","2,943",-20.32%,38.5%,3.57
Idaho - Persons in families,Idaho,Persons in families,697,793,-12.11%,39.1%,4.32
Delaware - Persons in families,Delaware,Persons in families,371,397,-6.55%,39.2%,4.01
Nebraska - Persons in families,Nebraska,Persons in families,"1,253","1,574",-20.39%,39.8%,6.71
Washington - Persons in families,Washington,Persons in families,"7,143","9,231",-22.62%,40.2%,10.25
Utah - Persons in families,Utah,Persons in families,"1,318","1,478",-10.83%,40.2%,4.54
North Dakota - Persons in families,North Dakota,Persons in families,839,203,313.30%,40.6%,11.60
Virginia - Persons in families,Virginia,Persons in families,"3,093","3,340",-7.40%,40.6%,3.74
Illinois - Persons in families,Illinois,Persons in families,"5,467","5,875",-6.94%,40.7%,4.24
New Hampshire - Persons in families,New Hampshire,Persons in families,649,664,-2.26%,44.9%,4.90
Kansas - Persons in families,Kansas,Persons in families,"1,213","1,158",-4.75%,45.0%,4.19
Missouri - Persons in families,Missouri,Persons in families,"3,929","5,382",-27%,45.8%,6.50
District of Columbia - Persons in families,District of Columbia,Persons in families,"3,169","3,187",-0.56%,46.2%,49.02
Hawaii - Persons in families,Hawaii,Persons in families,"2,980","3,116",-4.36%,47.0%,21.22
Pennsylvania - Persons in families,Pennsylvania,Persons in families,"7,113","7,441",-4.41%,47.1%,5.57
Maine - Persons in families,Maine,Persons in families,"1,453","1,106",31.37%,48.2%,10.94
South Dakota - Persons in families,South Dakota,Persons in families,537,347,54.76%,49.1%,6.36
New Jersey - Persons in families,New Jersey,Persons in families,"5,909","6,422",-7.99%,49.2%,6.64
Iowa - Persons in families,Iowa,Persons in families,"1,560","1,482",-5.26%,50.6%,5.05
Wisconsin - Persons in families,Wisconsin,Persons in families,"3,099","2,994",3.51%,50.8%,5.40
Vermont - Persons in families,Vermont,Persons in families,753,507,48.52%,51.8%,12.02
Colorado - Persons in families,Colorado,Persons in families,"5,090","11,667",-56.37%,52.2%,9.66
Minnesota - Persons in families,Minnesota,Persons in families,"4,486","4,204",6.71%,54.6%,8.28
New York - Persons in families,New York,Persons in families,"46,195","39,433",17.15%,59.7%,23.51
Massachusetts - Persons in families,Massachusetts,Persons in families,"12,335","11,212",10.02%,64.8%,18.43
Guam - Persons in families,Guam,Persons in families,975,"1,046",-6.79%,76.7%,61.18
District of Columbia - Unaccompanied Children and youth,District of Columbia,Unaccompanied Children and youth,164,,,2.4%,
Massachusetts - Unaccompanied Children and youth,Massachusetts,Unaccompanied Children and youth,518,,,2.7%,
Guam - Unaccompanied Children and youth,Guam,Unaccompanied Children and youth,35,,,2.8%,
Hawaii - Unaccompanied Children and youth,Hawaii,Unaccompanied Children and youth,209,,,3.3%,
Delaware - Unaccompanied Children and youth,Delaware,Unaccompanied Children and youth,35,,,3.7%,
Puerto Rico - Unaccompanied Children and youth,Puerto Rico,Unaccompanied Children and youth,153,,,3.7%,
Kansas - Unaccompanied Children and youth,Kansas,Unaccompanied Children and youth,101,,,3.8%,
US Virgin Islands - Unaccompanied Children and youth,US Virgin Islands,Unaccompanied Children and youth,19,,,3.9%,
Virginia - Unaccompanied Children and youth,Virginia,Unaccompanied Children and youth,314,,,4.1%,
Utah - Unaccompanied Children and youth,Utah,Unaccompanied Children and youth,140,,,4.3%,
Maryland - Unaccompanied Children and youth,Maryland,Unaccompanied Children and youth,383,,,4.7%,
New York - Unaccompanied Children and youth,New York,Unaccompanied Children and youth,"3,670",,,4.7%,
South Carolina - Unaccompanied Children and youth,South Carolina,Unaccompanied Children and youth,319,,,4.9%,
Colorado - Unaccompanied Children and youth,Colorado,Unaccompanied Children and youth,508,,,5.2%,
Indiana - Unaccompanied Children and youth,Indiana,Unaccompanied Children and youth,319,,,5.2%,
Rhode Island - Unaccompanied Children and youth,Rhode Island,Unaccompanied Children and youth,73,,,5.3%,
Connecticut - Unaccompanied Children and youth,Connecticut,Unaccompanied Children and youth,235,,,5.3%,
Pennsylvania - Unaccompanied Children and youth,Pennsylvania,Unaccompanied Children and youth,850,,,5.6%,
South Dakota - Unaccompanied Children and youth,South Dakota,Unaccompanied Children and youth,63,,,5.8%,
New Jersey - Unaccompanied Children and youth,New Jersey,Unaccompanied Children and youth,696,,,5.8%,
Vermont - Unaccompanied Children and youth,Vermont,Unaccompanied Children and youth,86,,,5.9%,
Wisconsin - Unaccompanied Children and youth,Wisconsin,Unaccompanied Children and youth,382,,,6.3%,
Tennessee - Unaccompanied Children and youth,Tennessee,Unaccompanied Children and youth,598,,,6.3%,
Iowa - Unaccompanied Children and youth,Iowa,Unaccompanied Children and youth,195,,,6.3%,
Arizona - Unaccompanied Children and youth,Arizona,Unaccompanied Children and youth,675,,,6.4%,
Washington - Unaccompanied Children and youth,Washington,Unaccompanied Children and youth,"1,136",,,6.4%,
Georgia - Unaccompanied Children and youth,Georgia,Unaccompanied Children and youth,"1,113",,,6.6%,
Texas - Unaccompanied Children and youth,Texas,Unaccompanied Children and youth,"2,072",,,7.0%,
North Carolina - Unaccompanied Children and youth,North Carolina,Unaccompanied Children and youth,876,,,7.2%,
Florida - Unaccompanied Children and youth,Florida,Unaccompanied Children and youth,"3,461",,,7.2%,
Kentucky - Unaccompanied Children and youth,Kentucky,Unaccompanied Children and youth,384,,,7.3%,
Missouri - Unaccompanied Children and youth,Missouri,Unaccompanied Children and youth,632,,,7.4%,
Ohio - Unaccompanied Children and youth,Ohio,Unaccompanied Children and youth,912,,,7.4%,
Arkansas - Unaccompanied Children and youth,Arkansas,Unaccompanied Children and youth,290,,,7.6%,
Idaho - Unaccompanied Children and youth,Idaho,Unaccompanied Children and youth,138,,,7.7%,
Illinois - Unaccompanied Children and youth,Illinois,Unaccompanied Children and youth,1055,,,7.9%,
New Hampshire - Unaccompanied Children and youth,New Hampshire,Unaccompanied Children and youth,116,,,8.0%,
Alabama - Unaccompanied Children and youth,Alabama,Unaccompanied Children and youth,394,,,8.4%,
Alaska - Unaccompanied Children and youth,Alaska,Unaccompanied Children and youth,168,,,8.6%,
Oregon - Unaccompanied Children and youth,Oregon,Unaccompanied Children and youth,"1,204",,,8.7%,
Montana - Unaccompanied Children and youth,Montana,Unaccompanied Children and youth,165,,,8.8%,
Minnesota - Unaccompanied Children and youth,Minnesota,Unaccompanied Children and youth,733,,,8.9%,
Nebraska - Unaccompanied Children and youth,Nebraska,Unaccompanied Children and youth,282,,,9.0%,
Louisiana - Unaccompanied Children and youth,Louisiana,Unaccompanied Children and youth,486,,,9.3%,
Michigan - Unaccompanied Children and youth,Michigan,Unaccompanied Children and youth,1087,,,9.4%,
North Dakota - Unaccompanied Children and youth,North Dakota,Unaccompanied Children and youth,206,,,10.0%,
Maine - Unaccompanied Children and youth,Maine,Unaccompanied Children and youth,307,,,10.2%,
Oklahoma - Unaccompanied Children and youth,Oklahoma,Unaccompanied Children and youth,480,,,10.9%,
Wyoming - Unaccompanied Children and youth,Wyoming,Unaccompanied Children and youth,107,,,11.2%,
West Virginia - Unaccompanied Children and youth,West Virginia,Unaccompanied Children and youth,252,,,11.3%,
California - Unaccompanied Children and youth,California,Unaccompanied Children and youth,"15,469",,,11.3%,
Mississippi - Unaccompanied Children and youth,Mississippi,Unaccompanied Children and youth,334,,,13.9%,
New Mexico - Unaccompanied Children and youth,New Mexico,Unaccompanied Children and youth,403,,,14.3%,
Nevada - Unaccompanied Children and youth,Nevada,Unaccompanied Children and youth,"1,922",,,22.8%,
Delaware - Unsheltered persons,Delaware,Unsheltered persons,10,22,-54.55%,1.1%,0.11
Maine - Unsheltered persons,Maine,Unsheltered persons,62,33,87.88%,2.1%,0.47
Iowa - Unsheltered persons,Iowa,Unsheltered persons,134,148,-9.46%,4.3%,0.43
Massachusetts - Unsheltered persons,Massachusetts,Unsheltered persons,850,722,17.73%,4.5%,1.27
New York - Unsheltered persons,New York,Unsheltered persons,"4,157","4,084",1.79%,5.4%,2.12
Nebraska - Unsheltered persons,Nebraska,Unsheltered persons,173,832,-79.21%,5.5%,0.93
Wisconsin - Unsheltered persons,Wisconsin,Unsheltered persons,368,581,-36.66%,6.0%,0.64
District of Columbia - Unsheltered persons,District of Columbia,Unsheltered persons,512,679,-24.59%,7.5%,7.92
Rhode Island - Unsheltered persons,Rhode Island,Unsheltered persons,117,28,317.86%,8.5%,1.11
Pennsylvania - Unsheltered persons,Pennsylvania,Unsheltered persons,"1,359","1,076",26.30%,9.0%,1.06
Alaska - Unsheltered persons,Alaska,Unsheltered persons,205,197,4.06%,10.5%,2.79
Ohio - Unsheltered persons,Ohio,Unsheltered persons,"1,338","1,731",-22.70%,10.9%,1.16
Minnesota - Unsheltered persons,Minnesota,Unsheltered persons,915,990,-7.58%,11.1%,1.69
Indiana - Unsheltered persons,Indiana,Unsheltered persons,700,889,-21.26%,11.5%,1.07
Kansas - Unsheltered persons,Kansas,Unsheltered persons,311,334,-6.89%,11.5%,1.07
New Jersey - Unsheltered persons,New Jersey,Unsheltered persons,"1,399","1,596",-12.34%,11.7%,1.57
Vermont - Unsheltered persons,Vermont,Unsheltered persons,184,223,-17.49%,12.7%,2.94
Utah - Unsheltered persons,Utah,Unsheltered persons,418,475,-12.00%,12.8%,1.44
Virginia - Unsheltered persons,Virginia,Unsheltered persons,"1,022","1,429",-28.48%,13.4%,1.24
New Hampshire - Unsheltered persons,New Hampshire,Unsheltered persons,202,167,20.96%,14.0%,1.53
Kentucky - Unsheltered persons,Kentucky,Unsheltered persons,754,911,-17.23%,14.4%,1.72
New Mexico - Unsheltered persons,New Mexico,Unsheltered persons,428,848,-49.53%,15.2%,2.05
Illinois - Unsheltered persons,Illinois,Unsheltered persons,"2,196","2,995",-26.68%,16.4%,1.70
Michigan - Unsheltered persons,Michigan,Unsheltered persons,"2,188","2,322",-5.77%,19.0%,2.21
Connecticut - Unsheltered persons,Connecticut,Unsheltered persons,919,695,32.23%,20.7%,2.56
Idaho - Unsheltered persons,Idaho,Unsheltered persons,377,486,-22.43%,21.2%,2.34
Colorado - Unsheltered persons,Colorado,Unsheltered persons,"2,163","9,508",-77.25%,22.2%,4.11
Maryland - Unsheltered persons,Maryland,Unsheltered persons,"1,922","3,512",-45.27%,23.4%,3.24
Missouri - Unsheltered persons,Missouri,Unsheltered persons,"2,080","2,344",-11.26,24.2%,3.44
North Carolina - Unsheltered persons,North Carolina,Unsheltered persons,"3,155","4,715",-33.09%,25.9%,3.20
Oklahoma - Unsheltered persons,Oklahoma,Unsheltered persons,"1,146","1,989",-42.38%,26.0%,2.98
West Virginia - Unsheltered persons,West Virginia,Unsheltered persons,628,877,-28.39%,28.0%,3.39
Washington - Unsheltered persons,Washington,Unsheltered persons,"5,053","5,477",-7.74%,28.5%,7.25
Arizona - Unsheltered persons,Arizona,Unsheltered persons,"3,131","3,087",1.43%,29.6%,4.72
Louisiana - Unsheltered persons,Louisiana,Unsheltered persons,"1,575","3,965",-60.28%,30.1%,3.41
Alabama - Unsheltered persons,Alabama,Unsheltered persons,"1,443","1,545",-6.60%,30.8%,2.99
South Dakota - Unsheltered persons,South Dakota,Unsheltered persons,339,64,429.69%,31.0%,4.01
Tennessee - Unsheltered persons,Tennessee,Unsheltered persons,"3,207","3,648",-12.09%,33.7%,4.94
Texas - Unsheltered persons,Texas,Unsheltered persons,"12,090","16,551",-26.95%,40.8%,4.57
Hawaii - Unsheltered persons,Hawaii,Unsheltered persons,"2,590","2,520",2.78%,40.9%,18.45
Montana - Unsheltered persons,Montana,Unsheltered persons,784,680,15.29%,41.7%,7.72
Wyoming - Unsheltered persons,Wyoming,Unsheltered persons,452,"1,338",-66.22%,47.4%,
South Carolina - Unsheltered persons,South Carolina,Unsheltered persons,"3,133","2,139",46.47%,47.9%,6.56
Georgia - Unsheltered persons,Georgia,Unsheltered persons,"8,461","12,196",-30.62%,49.9%,8.47
Oregon - Unsheltered persons,Oregon,Unsheltered persons,"7,390","9,283",-20.39%,53.5%,18.80
Mississippi - Unsheltered persons,Mississippi,Unsheltered persons,"1,320","1,371",-3.72%,54.9%,4.41
Nevada - Unsheltered persons,Nevada,Unsheltered persons,"4,745","5,956",-20.33%,56.2%,17.01
Arkansas - Unsheltered persons,Arkansas,Unsheltered persons,"2,148","2,612",-17.76%,56.3%,7.26
Florida - Unsheltered persons,Florida,Unsheltered persons,"28,192","35,338",-20.22%,58.9%,14.42
Puerto Rico - Unsheltered persons,Puerto Rico,Unsheltered persons,"2,726","1,866",46.09%,66.0%,7.54
California - Unsheltered persons,California,Unsheltered persons,"91,272","85,008",7.37%,66.7%,23.81
North Dakota - Unsheltered persons,North Dakota,Unsheltered persons,"1,395",53,2532.08%,67.4%,19.28
US Virgin Islands - Unsheltered persons,US Virgin Islands,Unsheltered persons,363,378,-3.97%,75.3%,34.11
Guam - Unsheltered persons,Guam,Unsheltered persons,"1,143","1,114",2.60%,89.9%,71.73
Puerto Rico - Veterans,Puerto Rico,Veterans,82,116,-29.31%,2.0%,0.23
Guam - Veterans,Guam,Veterans,32,31,3.23%,2.5%,2.01
Minnesota - Veterans,Minnesota,Veterans,349,309,12.94%,4.2%,0.64
New Jersey - Veterans,New Jersey,Veterans,540,592,-8.78%,4.5%,0.61
Maine - Veterans,Maine,Veterans,164,116,41.38%,5.4%,1.23
Nebraska - Veterans,Nebraska,Veterans,183,249,-26.51%,5.8%,0.98
New York - Veterans,New York,Veterans,"4,659","4,961",-6.09%,6.0%,2.37
Massachusetts - Veterans,Massachusetts,Veterans,"1,253","1,181",6.10%,6.6%,1.87
US Virgin Islands - Veterans,US Virgin Islands,Veterans,33,33,0.00%,6.8%,3.10
Rhode Island - Veterans,Rhode Island,Veterans,97,96,1.04%,7.0%,0.92
Colorado - Veterans,Colorado,Veterans,685,"1,512",-54.70%,7.0%,1.30
District of Columbia - Veterans,District of Columbia,Veterans,499,531,-6.03%,7.3%,7.72
Washington - Veterans,Washington,Veterans,"1,318","1,475",-10.64%,7.4%,1.89
Iowa - Veterans,Iowa,Veterans,229,217,5.53%,7.4%,0.74
Connecticut - Veterans,Connecticut,Veterans,341,332,2.71%,7.7%,0.95
Maryland - Veterans,Maryland,Veterans,673,617,9.08%,8.2%,1.14
New Mexico - Veterans,New Mexico,Veterans,243,345,-29.57%,8.6%,1.17
New Hampshire - Veterans,New Hampshire,Veterans,125,127,-1.57%,8.6%,0.94
Mississippi - Veterans,Mississippi,Veterans,210,244,-13.93%,8.7%,0.70
Vermont - Veterans,Vermont,Veterans,128,109,17.43%,8.8%,2.04
Hawaii - Veterans,Hawaii,Veterans,558,507,10.06%,8.8%,3.97
Wisconsin - Veterans,Wisconsin,Veterans,552,539,2.41%,9.0%,0.96
North Carolina - Veterans,North Carolina,Veterans,"1,123","1,413",-20.52%,9.2%,1.14
Delaware - Veterans,Delaware,Veterans,89,66,34.85%,9.4%,0.96
Virginia - Veterans,Virginia,Veterans,719,881,-18.39%,9.4%,0.87
Illinois - Veterans,Illinois,Veterans,"1,267","1,147",10.46%,9.4%,0.98
Michigan - Veterans,Michigan,Veterans,"1,100","1,017",8.16%,9.5%,1.11
Pennsylvania - Veterans,Pennsylvania,Veterans,"1,462","1,456",0.41%,9.7%,1.14
South Carolina - Veterans,South Carolina,Veterans,636,543,17.13%,9.7%,1.33
Missouri - Veterans,Missouri,Veterans,843,899,-6.23%,9.8%,1.39
Ohio - Veterans,Ohio,Veterans,1212,"1,244",-2.57%,9.8%,1.05
Oklahoma - Veterans,Oklahoma,Veterans,437,404,8.17%,9.9%,1.13
Utah - Veterans,Utah,Veterans,327,330,-0.91%,10.0%,1.13
Tennessee - Veterans,Tennessee,Veterans,991,"1,285",-22.88%,10.4%,1.53
Georgia - Veterans,Georgia,Veterans,"1,805","2,297",-21.42%,10.6%,1.81
Alaska - Veterans,Alaska,Veterans,210,256,-17.97%,10.8%,2.86
Oregon - Veterans,Oregon,Veterans,"1,494","1,356",10.18%,10.8%,3.80
Alabama - Veterans,Alabama,Veterans,511,526,-2.85%,10.9%,1.06
Louisiana - Veterans,Louisiana,Veterans,575,899,-36.04%,11.0%,1.24
California - Veterans,California,Veterans,"15,179","16,461",-7.79%,11.1%,3.96
Nevada - Veterans,Nevada,Veterans,950,"1,419",-33.05%,11.3%,3.40
South Dakota - Veterans,South Dakota,Veterans,125,124,0.81%,11.4%,1.48
Florida - Veterans,Florida,Veterans,"5,505","5,331",3.26%,11.5%,2.82
Arizona - Veterans,Arizona,Veterans,"1,222","1,478",-17.30%,11.6%,1.84
Kentucky - Veterans,Kentucky,Veterans,607,440,37.95%,11.6%,1.38
North Dakota - Veterans,North Dakota,Veterans,241,160,50.63%,11.6%,3.33
Idaho - Veterans,Idaho,Veterans,208,260,-20.00%,11.7%,1.29
Arkansas - Veterans,Arkansas,Veterans,462,362,27.62%,12.1%,1.56
Indiana - Veterans,Indiana,Veterans,743,687,8.15%,12.2%,1.13
Texas - Veterans,Texas,Veterans,"3,878","4,364",-11.14%,13.1%,1.47
Wyoming - Veterans,Wyoming,Veterans,137,311,-55.95%,14.4%,2.35
West Virginia - Veterans,West Virginia,Veterans,329,268,22.76%,14.7%,1.77
Kansas - Veterans,Kansas,Veterans,414,373,10.99%,15.4%,1.43
Montana - Veterans,Montana,Veterans,309,323,-4.33%,16.5%,3.04
